odds_ratio,p_value,low,high,a,c,d,b,metric
3.9775769390799223,2.794886092450038e-8,2.237891039979757,7.695694110321335,226,1280,13,293,COSMIS
2.004224709367007,0.0014292133109209452,1.2713361340371585,3.2929762488954855,211,1295,23,283,ConSurf
3.932089185311405,6.592410851071148e-10,2.363026507406226,6.960125634601384,283,1223,17,289,MTR
2.4247078713715555,3.09810628944129e-5,1.5436452115339765,3.9726456775681296,248,1258,23,283,MTR3D
1.6463292383567933,0.06784917644507331,0.971409330421173,2.9574800134959927,133,1373,17,289,RVIS
2.3206123035230246,8.953429537785428e-4,1.3620806996698513,4.217969996796671,171,1335,16,290,pLI
2.1463322759149013,0.028011340366779616,1.0666033866344262,4.898286013373276,92,1414,9,297,Missense Z
0.8251701301739967,0.4855831904199172,0.4855845801632507,1.466827242840997,78,1428,19,287,GERP++
1.6975189115601959,0.0496977748792434,0.987695257293934,3.1064307801629862,129,1377,16,290,phyloP
1.3212496569141208,0.0504534970930035,0.9972851845270547,1.7626110328035034,491,1015,82,224,phastCons
