odds_ratio,p_value,low,high,a,c,b,d,metric
2.6074278389580954,1.5244999428431835e-10,1.897499575350777,3.63419530427941,540,966,54,252,COSMIS
1.6668340702987492,2.7532067444456163e-4,1.2549308901953358,2.231210154809888,547,959,78,228,ConSurf
2.1729393232568786,4.555794299653302e-8,1.6182412318529935,2.9467638279147517,577,929,68,238,MTR
1.6863267995912066,3.221191786972623e-4,1.255634433361078,2.286421750001248,496,1010,69,237,MTR3D
1.5956671042624693,0.0016963109272372693,1.1786035798080199,2.183460781599266,447,1059,64,242,RVIS
2.560939727942335,4.406188875397683e-10,1.859468568964109,3.578703662064861,526,980,53,253,pLI
1.6260703353053232,0.0016484033380013215,1.1884859518286934,2.2525429260656953,415,1091,58,248,Missense Z
1.2674163510262542,0.16113358785645496,0.9134092344524104,1.783030063506955,316,1190,53,253,GERP++
1.5427183480853186,0.004419838126765795,1.133266173631918,2.1242830498169365,418,1088,61,245,phyloP
1.3212496569141208,0.0504534970930035,0.9972851845270547,1.7626110328035034,491,1015,82,224,phastCons
