odds_ratio,p_value,low,high,a,c,b,d,metric
3.5936811339639507,1.714198528986877e-11,2.3370839706015776,5.744646540526188,365,1141,25,281,COSMIS
1.854827612052418,2.2713283211354648e-4,1.3154876300481284,2.6623000440475972,365,1141,45,261,ConSurf
2.6014641381080272,2.680466100588428e-8,1.8010572044759565,3.8473492211921156,397,1109,37,269,MTR
2.142005859666605,1.0008476574257591e-5,1.4913240740270248,3.1440237650589307,359,1147,39,267,MTR3D
1.714734056704825,0.006596702632576851,1.1468622704651499,2.637572298500974,244,1262,31,275,RVIS
2.5908179137501404,8.866245384132894e-7,1.7023748260715006,4.082670595950758,302,1204,27,279,pLI
1.7706981787695208,0.008219144277181553,1.1389827231826488,2.8564757475872193,205,1301,25,281,Missense Z
1.1966307343095763,0.4735836194229102,0.7788891020676441,1.895902184271987,162,1344,28,278,GERP++
1.3829161005461739,0.10515755281488692,0.9354837712828118,2.095496585342845,222,1284,34,272,phyloP
1.3212496569141208,0.0504534970930035,0.9972851845270547,1.7626110328035034,491,1015,82,224,phastCons
